페이지,상품명,상품설명,정가,할인가,할인율,배송유형,리뷰수,이미지URL,상품링크
1,[햇반/쿡반] 노릇노릇 주먹밥 500g 6종 (택1),간편하고 든든한 한 끼,"8,980","7,980",11%,샛별배송,"9,999+","data:image/gif;base64,R0lGODlhAQABAIAAAAAAAP///yH5BAEAAAAALAAAAAABAAEAAAIBRAA7",https://www.kurly.com/goods/1000185462
1,[골라담기] 인기 피자 6종 (택2),설명 없음,"9,900","8,118",18%,샛별배송,"9,999+","data:image/gif;base64,R0lGODlhAQABAIAAAAAAAP///yH5BAEAAAAALAAAAAABAAEAAAIBRAA7",https://www.kurly.com/goods/1001227928
2,떡볶이&튀김 인기 메뉴 2종(택1),누구나 사랑하는 조합,"7,800","6,630",15%,샛별배송,"9,999+","data:image/gif;base64,R0lGODlhAQABAIAAAAAAAP///yH5BAEAAAAALAAAAAABAAEAAAIBRAA7",https://www.kurly.com/goods/1001154161
2,[99시리즈] 인기 야식 6종 (택1),출출한 배를 달래줄,"9,900","7,920",20%,샛별배송,"9,999+","data:image/gif;base64,R0lGODlhAQABAIAAAAAAAP///yH5BAEAAAAALAAAAAABAAEAAAIBRAA7",https://www.kurly.com/goods/1001146322
2,[고래사] 어묵 & 떡볶이 인기 밀키트 8종 (택1),설명 없음,"15,900","12,720",20%,샛별배송,"9,999+","data:image/gif;base64,R0lGODlhAQABAIAAAAAAAP///yH5BAEAAAAALAAAAAABAAEAAAIBRAA7",https://www.kurly.com/goods/1001117049
2,[올마레] 인기 춘천 닭갈비 떡볶이 2종 (택1),닭갈비와 떡볶이의 환상궁합,"13,500","10,800",20%,샛별배송,"9,999+","data:image/gif;base64,R0lGODlhAQABAIAAAAAAAP///yH5BAEAAAAALAAAAAABAAEAAAIBRAA7",https://www.kurly.com/goods/1001141704
2,[블랑제리코팡] 바게트 샌드위치,햄과 버터를 듬뿍,정가 없음,"5,300",할인율 없음,샛별배송,"9,999+","data:image/gif;base64,R0lGODlhAQABAIAAAAAAAP///yH5BAEAAAAALAAAAAABAAEAAAIBRAA7",https://www.kurly.com/goods/5067010
2,[마니커F&G] 옛날통닭 바사삭치킨 14조각,바삭바삭 옛날통닭 그 맛 그대로!,"10,900","8,900",18%,샛별배송,"9,999+","data:image/gif;base64,R0lGODlhAQABAIAAAAAAAP///yH5BAEAAAAALAAAAAABAAEAAAIBRAA7",https://www.kurly.com/goods/5054268
3,홈파티 인기 밀키트 6종 (택1),집에서 즐기는 화려한 파티 음식,"12,900","10,320",20%,샛별배송,"9,999+","data:image/gif;base64,R0lGODlhAQABAIAAAAAAAP///yH5BAEAAAAALAAAAAABAAEAAAIBRAA7",https://www.kurly.com/goods/1000968752
3,[에머이] 소고기 쌀국수 2종 (택1),취향 따라 즐기는 뜨끈한 국물 맛,"12,500","10,000",20%,샛별배송,"9,999+","data:image/gif;base64,R0lGODlhAQABAIAAAAAAAP///yH5BAEAAAAALAAAAAABAAEAAAIBRAA7",https://www.kurly.com/goods/1000958350
3,[골라담기][모두의맛집] 인기 셰프 도시락 11종 (택2),스타 셰프들의 레시피를 담은,"6,500","5,200",20%,샛별배송,"9,999+","data:image/gif;base64,R0lGODlhAQABAIAAAAAAAP///yH5BAEAAAAALAAAAAABAAEAAAIBRAA7",https://www.kurly.com/goods/1000959450
3,[멕시카나] 더 바삭한 닭강정 2종,멕시카나의 오랜 노하우로 완성,"8,980","8,080",10%,샛별배송,"9,999+","data:image/gif;base64,R0lGODlhAQABAIAAAAAAAP///yH5BAEAAAAALAAAAAABAAEAAAIBRAA7",https://www.kurly.com/goods/5121291
3,[투다리] 인기 밀키트 8종 골라담기 (택1),한 번에 만나는 대표 메뉴,"14,900","11,175",25%,샛별배송,"9,999+",https://product-image.kurly.com/hdims/resize/%5E%3E360x%3E468/cropcenter/360x468/quality/85/src/product/image/767cc245-f927-45bb-9370-23a9f7b82d8f.jpg,https://www.kurly.com/goods/1000872222
3,[성수동 팩피 : FAGP] 인기 파스타 2종 (택1),집에서 만나는 성수동 맛집,"9,200","7,280",20%,샛별배송,"9,999+",https://product-image.kurly.com/hdims/resize/%5E%3E360x%3E468/cropcenter/360x468/quality/85/src/product/image/86d2b37e-d75c-42fa-8326-0a1079b37b52.jpg,https://www.kurly.com/goods/1000952511
4,[모노키친] 베이징풍 찹쌀탕수육,타피오카 가루를 더해 쫀득한 튀김옷,"8,900","8,010",10%,샛별배송,"9,999+","data:image/gif;base64,R0lGODlhAQABAIAAAAAAAP///yH5BAEAAAAALAAAAAABAAEAAAIBRAA7",https://www.kurly.com/goods/5055940
4,[이연복의 목란] 멘보샤,바삭한 식빵에 스미는 새우의 풍미,"12,900","10,965",15%,샛별배송,"9,999+","data:image/gif;base64,R0lGODlhAQABAIAAAAAAAP///yH5BAEAAAAALAAAAAABAAEAAAIBRAA7",https://www.kurly.com/goods/5075990
4,[추천레시피] 오트밀로 만드는 미역죽&계란참치죽 7종 (택1),편안하고 든든한 한 끼,"19,580","16,580",15%,샛별배송,"9,999+","data:image/gif;base64,R0lGODlhAQABAIAAAAAAAP///yH5BAEAAAAALAAAAAABAAEAAAIBRAA7",https://www.kurly.com/goods/1000923257
4,[부침명장] 한입아삭 김치전,살짝 구워서 완성하는 간편한 전 요리,"8,100","6,880",15%,샛별배송,"9,999+","data:image/gif;base64,R0lGODlhAQABAIAAAAAAAP///yH5BAEAAAAALAAAAAABAAEAAAIBRAA7",https://www.kurly.com/goods/5037794
4,[골라담기][온더고] 인기 도시락 17종 (택2)(+커트러리 세트 증정),5개 이상 구매 시 커트러리 세트 증정,"5,980","5,140",14%,샛별배송,"9,999+","data:image/gif;base64,R0lGODlhAQABAIAAAAAAAP///yH5BAEAAAAALAAAAAABAAEAAAIBRAA7",https://www.kurly.com/goods/1000871414
4,[석관동 떡볶이] 기름 떡볶이 2종 (택1),고추기름에 볶아 더 고소한,정가 없음,"5,500",할인율 없음,샛별배송,"9,999+","data:image/gif;base64,R0lGODlhAQABAIAAAAAAAP///yH5BAEAAAAALAAAAAABAAEAAAIBRAA7",https://www.kurly.com/goods/1000832114
4,[최현석의 쵸이닷] 파스타 인기 메뉴 12종 (택1),집에서 맛보는 셰프의 손길,"7,900","7,110",10%,샛별배송,"9,999+","data:image/gif;base64,R0lGODlhAQABAIAAAAAAAP///yH5BAEAAAAALAAAAAABAAEAAAIBRAA7",https://www.kurly.com/goods/1000832433
5,[제일맞게컬리] 육즙+왕교자 만두 1.01kg,Kurly X CJ제일제당의 합작,"9,980","8,480",15%,샛별배송,"9,999+",https://product-image.kurly.com/hdims/resize/%5E%3E360x%3E468/cropcenter/360x468/quality/85/src/product/image/8ac2fba2-1973-485d-b6cb-e5804f9eb1b4.jpg,https://www.kurly.com/goods/1000765126
5,[플라하반] 점보 오트밀 2종 (택1),통통한 귀리를 그대로 누른 오트밀,"8,900","7,500",15%,샛별배송,"9,999+","data:image/gif;base64,R0lGODlhAQABAIAAAAAAAP///yH5BAEAAAAALAAAAAABAAEAAAIBRAA7",https://www.kurly.com/goods/1000335283
5,[마이셰프] 찹스테이크,알록달록한 색감으로 더욱 푸짐한,"17,900","16,110",10%,샛별배송,"9,999+","data:image/gif;base64,R0lGODlhAQABAIAAAAAAAP///yH5BAEAAAAALAAAAAABAAEAAAIBRAA7",https://www.kurly.com/goods/5067782
5,[최현석의 쵸이닷] 새우 봉골레 파스타,이탈리안 레스토랑의 봉골레,"9,300","8,370",10%,샛별배송,"9,999+","data:image/gif;base64,R0lGODlhAQABAIAAAAAAAP///yH5BAEAAAAALAAAAAABAAEAAAIBRAA7",https://www.kurly.com/goods/5063758
5,[최현석의 쵸이닷] 트러플 크림 뇨끼,부드럽고도 강렬한 풍미,"7,900","7,110",10%,샛별배송,"9,999+","data:image/gif;base64,R0lGODlhAQABAIAAAAAAAP///yH5BAEAAAAALAAAAAABAAEAAAIBRAA7",https://www.kurly.com/goods/5069136
5,[99치킨] 닭강정 2종 (오리지널/마라),온 가족이 함께 즐기는,"9,900","7,920",20%,샛별배송,"9,999+","data:image/gif;base64,R0lGODlhAQABAIAAAAAAAP///yH5BAEAAAAALAAAAAABAAEAAAIBRAA7",https://www.kurly.com/goods/1000750153
6,[프레시지] 밀푀유나베,꽃처럼 피어나는 전골 요리,정가 없음,"16,900",할인율 없음,샛별배송,"9,999+","data:image/gif;base64,R0lGODlhAQABAIAAAAAAAP///yH5BAEAAAAALAAAAAABAAEAAAIBRAA7",https://www.kurly.com/goods/5062747
6,[최현석의 쵸이닷] 가리비 바질 페스토 파스타,통통한 관자를 듬뿍,"15,900","14,310",10%,샛별배송,"9,999+","data:image/gif;base64,R0lGODlhAQABAIAAAAAAAP///yH5BAEAAAAALAAAAAABAAEAAAIBRAA7",https://www.kurly.com/goods/5069137
6,[LITTLENECK] 리틀넥 스테이크 키트,묵직함과 산뜻함의 공존,"19,900","15,920",20%,샛별배송,"9,999+","data:image/gif;base64,R0lGODlhAQABAIAAAAAAAP///yH5BAEAAAAALAAAAAABAAEAAAIBRAA7",https://www.kurly.com/goods/5099160
6,[추천레시피] 오버나이트 오트밀 재료 3종 (택1),담백하고 든든한 한 끼,"4,880","3,990",18%,샛별배송,"9,999+","data:image/gif;base64,R0lGODlhAQABAIAAAAAAAP///yH5BAEAAAAALAAAAAABAAEAAAIBRAA7",https://www.kurly.com/goods/1000631485
6,[소이연남] 태국 소고기 쌀국수,깊고 진하게 피워낸 이색 쌀국수,정가 없음,"8,200",할인율 없음,샛별배송,"9,999+","data:image/gif;base64,R0lGODlhAQABAIAAAAAAAP///yH5BAEAAAAALAAAAAABAAEAAAIBRAA7",https://www.kurly.com/goods/5044569
6,[또보겠지떡볶이집] 떡볶이 1봉/2봉 (맵기선택),새롭게 재해석한 홍대 맛집 떡볶이,"11,300","9,605",15%,샛별배송,"9,999+","data:image/gif;base64,R0lGODlhAQABAIAAAAAAAP///yH5BAEAAAAALAAAAAABAAEAAAIBRAA7",https://www.kurly.com/goods/1000128822
6,[골라담기] 인기 여름 면요리 9종 (택2),여름 취향저격 냉면류 골라담기,"5,900","5,015",15%,샛별배송,"9,999+",https://product-image.kurly.com/hdims/resize/%5E%3E360x%3E468/cropcenter/360x468/quality/85/src/product/image/ec34834e-29b1-4091-a4df-50446ca001fa.jpg,https://www.kurly.com/goods/1000504608
7,[채선당] 샤브샤브 밀키트 (2인),매장의 노하우로 완성,정가 없음,"16,980",할인율 없음,샛별배송,"9,999+","data:image/gif;base64,R0lGODlhAQABAIAAAAAAAP///yH5BAEAAAAALAAAAAABAAEAAAIBRAA7",https://www.kurly.com/goods/5105617
7,[이연복의 목란] 짜장면 2인분,대가가 선보이는 한 그릇,"9,980","8,982",10%,샛별배송,"9,999+",https://product-image.kurly.com/hdims/resize/%5E%3E360x%3E468/cropcenter/360x468/quality/85/src/product/image/90256eb2-b02f-493a-ab7a-29a8724254e4.jpeg,https://www.kurly.com/goods/5060255
7,[2개 구매시 20%][오마뎅] 진짜 부산 떡볶이 322g,달짝지근한 부산식 떡볶이,"6,900","5,520",20%,샛별배송,"9,999+",https://img-cf.kurly.com/hdims/resize/%5E%3E360x%3E468/cropcenter/360x468/quality/85/src/shop/data/goods/1647244459401l0.jpg,https://www.kurly.com/goods/5119349
7,[올마레] 춘천 국물 닭갈비 떡볶이,닭갈비와 떡볶이의 오묘한 조화,"13,500","10,800",20%,샛별배송,"9,999+",https://product-image.kurly.com/hdims/resize/%5E%3E360x%3E468/cropcenter/360x468/quality/85/src/product/image/13d061a1-df1f-4e36-a676-03f687036cb1.jpeg?v=0531,https://www.kurly.com/goods/5050290
7,[정호영셰프의 우동카덴] 오리지널 우동,맑고 깊은 우동의 정석,"5,980","4,784",20%,샛별배송,"9,999+",https://product-image.kurly.com/hdims/resize/%5E%3E360x%3E468/cropcenter/360x468/quality/85/src/product/image/682bfbd7-26cb-4e37-8a00-6aeacdd354f0.jpg?v=0531,https://www.kurly.com/goods/5097405
7,[마이하노이] 고기폭탄쌀국수,푸짐한 고기와 감칠맛 가득한 육수,"7,600","6,536",14%,샛별배송,"9,999+",https://product-image.kurly.com/hdims/resize/%5E%3E360x%3E468/cropcenter/360x468/quality/85/src/product/image/7b33f648-23de-4fba-9426-54392532150c.jpg?v=0531,https://www.kurly.com/goods/1000181909
7,[서촌 영화루] 짜장면 2인분,춘장의 풍미가 진하게 녹아든,"9,980","8,483",15%,샛별배송,"9,999+",https://product-image.kurly.com/hdims/resize/%5E%3E360x%3E468/cropcenter/360x468/quality/85/src/product/image/a4400043-79de-4ab7-9fdc-7f40eee8e347.jpg,https://www.kurly.com/goods/1000198864
7,[이연복의 목란] 짬뽕 2인분 (맵기선택),입맛에 맞게 고르는 인기 메뉴,"14,500","13,050",10%,샛별배송,"9,999+",https://product-image.kurly.com/hdims/resize/%5E%3E360x%3E468/cropcenter/360x468/quality/85/src/product/image/3b416cbf-8d57-44b2-bcc6-e6d6c141160f.jpg,https://www.kurly.com/goods/5156742
8,[추억의 국민학교 떡볶이] 국떡 2종,입안 착 감기는 그 시절 그 맛,정가 없음,"6,500",할인율 없음,샛별배송,"9,999+",https://img-cf.kurly.com/hdims/resize/%5E%3E360x%3E468/cropcenter/360x468/quality/85/src/shop/data/goods/1646294153301l0.jpg,https://www.kurly.com/goods/5031377
8,[해운대암소갈비집] 한우 소불고기 전골,부산의 대표 맛집 메뉴,정가 없음,"15,900",할인율 없음,샛별배송,"9,999+",https://product-image.kurly.com/hdims/resize/%5E%3E360x%3E468/cropcenter/360x468/quality/85/src/product/image/b15f2d12-eca6-4491-b37e-83d156377cde.jpg?v=0531,https://www.kurly.com/goods/1000330580
8,[전주 베테랑] 칼국수,베테랑의 대표메뉴를 집에서,"5,900","4,720",20%,샛별배송,"9,999+","data:image/gif;base64,R0lGODlhAQABAIAAAAAAAP///yH5BAEAAAAALAAAAAABAAEAAAIBRAA7",https://www.kurly.com/goods/5088325
8,[라비퀸] 매콤 까르보나라 떡볶이,누들 떡볶이의 독특한 매력,"6,500","5,525",15%,샛별배송,"9,999+","data:image/gif;base64,R0lGODlhAQABAIAAAAAAAP///yH5BAEAAAAALAAAAAABAAEAAAIBRAA7",https://www.kurly.com/goods/5037051
8,[하루한킷] 송탄식 부대찌개,깊고 진한 맛의 정통 부대찌개,"15,900","14,310",10%,샛별배송,"9,999+","data:image/gif;base64,R0lGODlhAQABAIAAAAAAAP///yH5BAEAAAAALAAAAAABAAEAAAIBRAA7",https://www.kurly.com/goods/5062362
8,[방방곡곡] 비빔국수 키트 (2인분),매콤새콤한 국물이 자작한,"10,500","8,400",20%,샛별배송,"9,999+","data:image/gif;base64,R0lGODlhAQABAIAAAAAAAP///yH5BAEAAAAALAAAAAABAAEAAAIBRAA7",https://www.kurly.com/goods/5131431
8,[고래사어묵] 김치 우동 전골,뜨끈한 국물이 필요할 때,정가 없음,"10,800",할인율 없음,샛별배송,"9,999+","data:image/gif;base64,R0lGODlhAQABAIAAAAAAAP///yH5BAEAAAAALAAAAAABAAEAAAIBRAA7",https://www.kurly.com/goods/5090388
8,[투다리] 시그니처 김치우동 (2인분),집에서 맛보는 인기 메뉴,"13,400","11,390",15%,샛별배송,"9,999+","data:image/gif;base64,R0lGODlhAQABAIAAAAAAAP///yH5BAEAAAAALAAAAAABAAEAAAIBRAA7",https://www.kurly.com/goods/1000016600
8,[한팟] 치즈 부대찌개 1858g(냉장),이열치열! 온가족이 즐기도록 푸짐한,정가 없음,"14,300",할인율 없음,샛별배송,"9,999+","data:image/gif;base64,R0lGODlhAQABAIAAAAAAAP///yH5BAEAAAAALAAAAAABAAEAAAIBRAA7",https://www.kurly.com/goods/5053932
8,[시골보쌈과 감자옹심이] 감자 옹심이 칼국수 (2인분),국산 감자로 만든 옹심이가 쏙쏙,"11,900","11,067",7%,샛별배송,"9,999+",https://product-image.kurly.com/hdims/resize/%5E%3E360x%3E468/cropcenter/360x468/quality/85/src/product/image/237b92df-6498-4c23-9a26-402fa8a90278.jpg,https://www.kurly.com/goods/5088308
8,[하루한킷] 신림동 백순대 볶음,쫄깃한 순대에 들깨가루가 솔솔,"13,600","12,240",10%,샛별배송,"9,999+",https://img-cf.kurly.com/hdims/resize/%5E%3E360x%3E468/cropcenter/360x468/quality/85/src/shop/data/goods/1606112021487l0.jpg,https://www.kurly.com/goods/5062361
8,[제천식빨간오뎅] 떡볶이 세트,매콤한 양념이 일품인 제천 명물,정가 없음,"5,900",할인율 없음,샛별배송,"9,999+",https://img-cf.kurly.com/hdims/resize/%5E%3E360x%3E468/cropcenter/360x468/quality/85/src/shop/data/goods/154872473666l0.jpg,https://www.kurly.com/goods/5034475
8,[한팟] 엑스라지 부대찌개 3240g(냉장),푸짐한 구성의 대용량 부대찌개 키트,정가 없음,"19,980",할인율 없음,샛별배송,"9,999+",https://img-cf.kurly.com/hdims/resize/%5E%3E360x%3E468/cropcenter/360x468/quality/85/src/shop/data/goods/165094853364l0.jpg,https://www.kurly.com/goods/5047885
8,[더플랜] 목련 어묵 우동 3종 (1인분/2인분)(택1),탱글한 어묵이 담긴 우동 한 그릇,정가 없음,"5,000",할인율 없음,샛별배송,"9,999+",https://product-image.kurly.com/hdims/resize/%5E%3E360x%3E468/cropcenter/360x468/quality/85/src/product/image/465278d1-bd3a-4616-b915-8bfcfb85ad8d.jpg,https://www.kurly.com/goods/1000168345
8,[삼진어묵] 김치 우동 어묵 전골 (리뉴얼),6가지 어묵으로 더 풍성한,"10,600","9,540",10%,샛별배송,"9,999+",https://product-image.kurly.com/hdims/resize/%5E%3E360x%3E468/cropcenter/360x468/quality/85/src/product/image/a3fcdab6-87db-4bbd-8d70-1ab1271fa76b.jpg,https://www.kurly.com/goods/1000047929
8,[My little recipe] 안동에서 올라온 전통찜닭 (2인용),집에서 간편하게 즐기는 안동 찜닭,"17,980","14,384",20%,샛별배송,"9,999+",https://product-image.kurly.com/hdims/resize/%5E%3E360x%3E468/cropcenter/360x468/quality/85/src/product/image/4c9ec7b6-e293-45ad-9d45-b8217da74894.jpg?v=0531,https://www.kurly.com/goods/5049405
8,[휴게소 우동] 우동 2인분 3종 (택1),추억의 맛 그대로 완성,"7,980","5,985",25%,샛별배송,"9,999+",https://product-image.kurly.com/hdims/resize/%5E%3E360x%3E468/cropcenter/360x468/quality/85/src/product/image/d8b442d7-eaf1-4a39-95b5-2fea4cc2c500.jpg,https://www.kurly.com/goods/1000300823
8,[이연복의 목란] 백짬뽕 2인분,시원하고도 담백한 국물,"14,500","13,775",5%,샛별배송,"9,999+",https://img-cf.kurly.com/hdims/resize/%5E%3E360x%3E468/cropcenter/360x468/quality/85/src/shop/data/goods/165303513442l0.jpeg,https://www.kurly.com/goods/5095412
8,[콜린스 다이닝] 슈퍼 곡물 샐러드,5가지 이상 슈퍼 곡물을 한 그릇에,"7,900","7,110",10%,샛별배송,"9,999+",https://img-cf.kurly.com/hdims/resize/%5E%3E360x%3E468/cropcenter/360x468/quality/85/src/shop/data/goods/149507097276l0.jpg?v=0531,https://www.kurly.com/goods/5006360
8,[강남면옥] 사골 만두 칼국수 (2인분),푸짐하게 넣어 따뜻하게 먹는 한끼,정가 없음,"10,900",할인율 없음,샛별배송,"9,999+",https://product-image.kurly.com/hdims/resize/%5E%3E360x%3E468/cropcenter/360x468/quality/85/src/product/image/43c43338-1e5c-4981-a028-3a33065744c8.jpeg,https://www.kurly.com/goods/5061835
8,[샐러드판다] 병 샐러드 12종 (리뉴얼) (택1),언제 어디서나 즐기는 고품격 샐러드,"5,900","5,015",15%,샛별배송,"9,999+",https://product-image.kurly.com/hdims/resize/%5E%3E360x%3E468/cropcenter/360x468/quality/85/src/product/image/2d2b4e4c-3cdc-41dd-ac4d-5b084638a728.jpg?v=0531,https://www.kurly.com/goods/5009669
8,[콜린스 다이닝] 콩샐러드,네 가지 콩과 퀴노아로 만든 샐러드,"9,800","8,820",10%,샛별배송,"9,999+",https://img-cf.kurly.com/hdims/resize/%5E%3E360x%3E468/cropcenter/360x468/quality/85/src/shop/data/goods/148429633150l0.jpg?v=0531,https://www.kurly.com/goods/5005456
8,[마이셰프] 소고기 샤브샤브 밀키트 3~4인분(고기350g),소고기가 푸짐한 대용량 구성,"27,900","23,715",15%,샛별배송,"9,999+",https://product-image.kurly.com/hdims/resize/%5E%3E360x%3E468/cropcenter/360x468/quality/85/src/product/image/79ee3143-d5cd-47ec-9bc2-4d595434db33.jpeg,https://www.kurly.com/goods/5100788
8,[LOTS OF LOVE] 봄맛듬뿍 곤드레밥,강원도산 곤드레가 주는 깊은 풍미,"7,000","5,600",20%,샛별배송,"9,999+",https://img-cf.kurly.com/hdims/resize/%5E%3E360x%3E468/cropcenter/360x468/quality/85/src/shop/data/goods/1640064981843l0.jpg,https://www.kurly.com/goods/5004962
9,[광화문 미진] 비빔메밀 (2인분),메밀 맛집의 스테디셀러 메뉴,"9,980","9,081",9%,샛별배송,"9,999+","data:image/gif;base64,R0lGODlhAQABAIAAAAAAAP///yH5BAEAAAAALAAAAAABAAEAAAIBRAA7",https://www.kurly.com/goods/5052204
9,[광화문 미진] 메밀국수 (2인분),집에서 만나는 메밀 명가,"9,980","9,081",9%,샛별배송,"9,999+","data:image/gif;base64,R0lGODlhAQABAIAAAAAAAP///yH5BAEAAAAALAAAAAABAAEAAAIBRAA7",https://www.kurly.com/goods/5052203
9,[조선호텔] 볶음밥 3종 (택1),집에서 즐기는 프리미엄 중식 볶음밥,정가 없음,"8,900",할인율 없음,샛별배송,"9,999+","data:image/gif;base64,R0lGODlhAQABAIAAAAAAAP///yH5BAEAAAAALAAAAAABAAEAAAIBRAA7",https://www.kurly.com/goods/5011585
9,[LOTS OF LOVE] 차돌듬뿍 묵은지 볶음밥,묵은지와 차돌박이로 맛을 낸,"8,250","6,760",18%,샛별배송,"9,999+","data:image/gif;base64,R0lGODlhAQABAIAAAAAAAP///yH5BAEAAAAALAAAAAABAAEAAAIBRAA7",https://www.kurly.com/goods/5025689
9,[고메] 중화 짬뽕,집에서 즐기는 칼칼한 짬뽕,"9,980","8,980",10%,샛별배송,"9,999+","data:image/gif;base64,R0lGODlhAQABAIAAAAAAAP///yH5BAEAAAAALAAAAAABAAEAAAIBRAA7",https://www.kurly.com/goods/5036698
9,[올면] 속초식 명태 회냉면 2인분,쫀득한 명태회와 새콤달콤한 육수의 만남을 맛보세요!,"12,000","10,320",14%,샛별배송,"9,999+","data:image/gif;base64,R0lGODlhAQABAIAAAAAAAP///yH5BAEAAAAALAAAAAABAAEAAAIBRAA7",https://www.kurly.com/goods/5026926
9,[올반] 새우볶음밥 (4개입),짜장소스와 찰떡궁합 (4인분 구성),"11,980","8,980",25%,샛별배송,"9,999+","data:image/gif;base64,R0lGODlhAQABAIAAAAAAAP///yH5BAEAAAAALAAAAAABAAEAAAIBRAA7",https://www.kurly.com/goods/5031704
9,[올반] 김치볶음밥 (2개입),[1봉=2인분] 김치와 고소한 모짜렐라 치즈의 조합,"6,980","5,230",25%,샛별배송,"9,999+","data:image/gif;base64,R0lGODlhAQABAIAAAAAAAP///yH5BAEAAAAALAAAAAABAAEAAAIBRAA7",https://www.kurly.com/goods/5031706
9,[소이연남] 똠얌 쌀국수,"강렬한 향, 중독적인 국물 맛","8,800","7,920",10%,샛별배송,"9,999+","data:image/gif;base64,R0lGODlhAQABAIAAAAAAAP///yH5BAEAAAAALAAAAAABAAEAAAIBRAA7",https://www.kurly.com/goods/5055889
9,[튀김공방] 매콤 오징어튀김,"떡볶이와 환상 궁합, 오징어튀김",정가 없음,"6,980",할인율 없음,샛별배송,"9,999+","data:image/gif;base64,R0lGODlhAQABAIAAAAAAAP///yH5BAEAAAAALAAAAAABAAEAAAIBRAA7",https://www.kurly.com/goods/5031956
9,[제이키친] 떡볶이 2종,언제나 성공하는 황금 비율의 맛,"7,500","6,750",10%,샛별배송,"9,999+","data:image/gif;base64,R0lGODlhAQABAIAAAAAAAP///yH5BAEAAAAALAAAAAABAAEAAAIBRAA7",https://www.kurly.com/goods/5009421
9,[창화당] 납작 왕군만두 2종,"만두 잘하는집 , 창화당의 인기 만두 2종","7,950","7,100",10%,샛별배송,"9,999+","data:image/gif;base64,R0lGODlhAQABAIAAAAAAAP///yH5BAEAAAAALAAAAAABAAEAAAIBRAA7",https://www.kurly.com/goods/5010302
9,[제이키친] 짜장 떡볶이 3종,한결같이 맛있는 황금비율의 맛,"7,500","6,750",10%,샛별배송,"9,999+","data:image/gif;base64,R0lGODlhAQABAIAAAAAAAP///yH5BAEAAAAALAAAAAABAAEAAAIBRAA7",https://www.kurly.com/goods/5011236
9,[올바르고 반듯한] 슈퍼크런치 치킨텐더,곡물 가루로 고소함을 살린,"8,960","6,720",25%,샛별배송,"9,999+",https://product-image.kurly.com/hdims/resize/%5E%3E360x%3E468/cropcenter/360x468/quality/85/src/product/image/61e5e11f-0452-43a7-8566-1c055dbe2d00.jpg,https://www.kurly.com/goods/5031703
9,[고메] 크리스피 너겟,더 맛있게 만든 고품격 치킨너겟!,"9,980","4,990",50%,샛별배송,"9,999+",https://product-image.kurly.com/hdims/resize/%5E%3E360x%3E468/cropcenter/360x468/quality/85/src/product/image/9e29dc48-f9a9-44db-80b0-5c503b0ce405.jpg,https://www.kurly.com/goods/5010898
9,[맛의고수] 맛고 순대 2종(냉장),넉넉하게 즐기는 쫄깃한 순대 한 점,"5,900","4,425",25%,샛별배송,"9,999+",https://img-cf.kurly.com/hdims/resize/%5E%3E360x%3E468/cropcenter/360x468/quality/85/src/shop/data/goods/1648210376898l0.jpeg,https://www.kurly.com/goods/5026079
9,[풀무원] 올바른 핫도그 300g(75gX4개입),담백하게 즐기는 온 가족 간식,"6,980","4,980",28%,샛별배송,"9,999+",https://product-image.kurly.com/hdims/resize/%5E%3E360x%3E468/cropcenter/360x468/quality/85/src/product/image/4fd4a614-0df0-421c-aad1-e47700c34521.jpg,https://www.kurly.com/goods/5006483
9,[풀무원] 모짜렐라 핫도그 320g(80gX4개입),주욱 늘어나는 치즈와 탱글탱글한 소시지의 만남,정가 없음,"8,480",할인율 없음,샛별배송,"9,999+",https://product-image.kurly.com/hdims/resize/%5E%3E360x%3E468/cropcenter/360x468/quality/85/src/product/image/fcce0488-f054-4549-ab6d-8423e52da172.jpg,https://www.kurly.com/goods/5011036
9,[고메] 크리스피 핫도그 400g(80gX5개입),빵 맛이 남다른 인기 핫도그,"8,480","6,980",17%,샛별배송,"9,999+",https://product-image.kurly.com/hdims/resize/%5E%3E360x%3E468/cropcenter/360x468/quality/85/src/product/image/6bcdbae0-f35b-431e-aca2-0fe7499a511a.jpg,https://www.kurly.com/goods/5025430
9,[중앙닭강정] 닭강정 3종,속초에서 만났던 명물 닭강정,정가 없음,"14,500",할인율 없음,샛별배송,"9,999+",https://img-cf.kurly.com/hdims/resize/%5E%3E360x%3E468/cropcenter/360x468/quality/85/src/shop/data/goods/1548038905621l0.jpg,https://www.kurly.com/goods/5032355
9,[저스트그린] 케이준 치킨샐러드 160g,속까지 든든한 케이준 샐러드(160g/팩),"3,500","3,150",10%,샛별배송,"9,999+",https://img-cf.kurly.com/hdims/resize/%5E%3E360x%3E468/cropcenter/360x468/quality/85/src/shop/data/goods/1615427605184l0.jpg,https://www.kurly.com/goods/5035174
9,[푸드렐라] 치킨텐더 2종,간식과 안주로 활용하기 좋은,"6,900","6,410",7%,샛별배송,"9,999+",https://product-image.kurly.com/hdims/resize/%5E%3E360x%3E468/cropcenter/360x468/quality/85/src/product/image/eba85a23-09e4-488b-9337-b3b1fafcdf09.jpg,https://www.kurly.com/goods/5035441
9,[튀김공방] 김말이 튀김,집에서도 바삭하고 촉촉하게,정가 없음,"7,300",할인율 없음,샛별배송,"9,999+",https://product-image.kurly.com/hdims/resize/%5E%3E360x%3E468/cropcenter/360x468/quality/85/src/product/image/fcd78e24-5c0a-42e9-bdf4-f96f9178d862.jpeg,https://www.kurly.com/goods/5035944
9,[햇반] 백미밥 210g X 6입,갓 지은 밥 맛! 6개입으로 알뜰하게 구매하세요!,"8,480","7,480",11%,샛별배송,"9,999+",https://product-image.kurly.com/hdims/resize/%5E%3E360x%3E468/cropcenter/360x468/quality/85/src/product/image/863304d5-04ae-454f-b39b-66de6e82647f.jpeg,https://www.kurly.com/goods/5003490
9,[올반] 모짜체다 찰 핫도그 400g(80gX5개입),"모차렐라 치즈와 체다 치즈, 두 가지 맛을 동시에!","8,880","8,250",7%,샛별배송,"9,999+",https://product-image.kurly.com/hdims/resize/%5E%3E360x%3E468/cropcenter/360x468/quality/85/src/product/image/619e4696-a264-4137-87a2-ef4483983712.jpg,https://www.kurly.com/goods/5037041
9,[햇반] 컵반 덮밥 시리즈 10종,간단하게 완성하는 한 그릇 반상,"4,980","3,320",33%,샛별배송,"9,999+",https://img-cf.kurly.com/hdims/resize/%5E%3E360x%3E468/cropcenter/360x468/quality/85/src/shop/data/goods/1637807423625l0.jpeg,https://www.kurly.com/goods/5041044
9,[햇반] 컵반 국밥 시리즈 5종,손쉽게 완성하는 뜨끈한 국밥,"4,980","3,320",33%,샛별배송,"9,999+",https://product-image.kurly.com/hdims/resize/%5E%3E360x%3E468/cropcenter/360x468/quality/85/src/product/image/8119007b-56ee-406b-add3-afb23a086492.jpg,https://www.kurly.com/goods/5041176
10,"[샐러드판다] 누들 샐러드 5종 (리뉴얼, 택1)",씹는 즐거움을 더한 간편 샐러드,정가 없음,"5,900",할인율 없음,샛별배송,"9,999+","data:image/gif;base64,R0lGODlhAQABAIAAAAAAAP///yH5BAEAAAAALAAAAAABAAEAAAIBRAA7",https://www.kurly.com/goods/5042019
10,[쉐푸드] B.E.L.T 샌드위치 & 닭가슴살 흑임자 샌드위치 (택1),풍성함과 신선함을 모두 담은 샌드위치,정가 없음,"4,700",할인율 없음,샛별배송,"9,999+","data:image/gif;base64,R0lGODlhAQABAIAAAAAAAP///yH5BAEAAAAALAAAAAABAAEAAAIBRAA7",https://www.kurly.com/goods/5042318
10,[LOTS OF LOVE] 한끼든든 친절한 미역국밥 (리뉴얼),물만 넣고 끓여 주면 완성되는,"6,300","4,720",25%,샛별배송,"9,999+","data:image/gif;base64,R0lGODlhAQABAIAAAAAAAP///yH5BAEAAAAALAAAAAABAAEAAAIBRAA7",https://www.kurly.com/goods/5034652
10,[대구 반할만떡] 반야월 할매 만두와 떡볶이,1973년부터 이어져 온 달인의 맛,"7,600","6,840",10%,샛별배송,"9,999+","data:image/gif;base64,R0lGODlhAQABAIAAAAAAAP///yH5BAEAAAAALAAAAAABAAEAAAIBRAA7",https://www.kurly.com/goods/5043979
10,[크놀라] 그래놀라 6종 (택1),천천히 빚어낸 수제 그래놀라,정가 없음,"12,000",할인율 없음,샛별배송,"9,999+","data:image/gif;base64,R0lGODlhAQABAIAAAAAAAP///yH5BAEAAAAALAAAAAABAAEAAAIBRAA7",https://www.kurly.com/goods/5042479
10,[저스트그린] 리코타 하비스트 샐러드 285g,리코타와 발사믹의 감미로운 조화 (1팩/285g),"7,800","7,020",10%,샛별배송,"9,999+","data:image/gif;base64,R0lGODlhAQABAIAAAAAAAP///yH5BAEAAAAALAAAAAABAAEAAAIBRAA7",https://www.kurly.com/goods/5044581
10,[쉐푸드] 샌드위치&샐러드 박스 4종 (택1),알차게 꾸려진 런치 박스!,정가 없음,"6,600",할인율 없음,샛별배송,"9,999+","data:image/gif;base64,R0lGODlhAQABAIAAAAAAAP///yH5BAEAAAAALAAAAAABAAEAAAIBRAA7",https://www.kurly.com/goods/5042846
10,[우주인피자] 허니 고르곤졸라,달콤 짭조름한 블루치즈의 풍미,"11,900","10,115",15%,샛별배송,"9,999+","data:image/gif;base64,R0lGODlhAQABAIAAAAAAAP///yH5BAEAAAAALAAAAAABAAEAAAIBRAA7",https://www.kurly.com/goods/5048681
10,[우주인피자] 마르게리따,집에서 만나는 피자계의 클래식,"11,900","10,115",15%,샛별배송,"9,999+","data:image/gif;base64,R0lGODlhAQABAIAAAAAAAP///yH5BAEAAAAALAAAAAABAAEAAAIBRAA7",https://www.kurly.com/goods/5048683
10,[햇반] 발아현미밥 210g (8입),CJ즉석밥 고소한 맛의 발아 현미밥,"16,680","12,480",25%,샛별배송,"9,999+",https://product-image.kurly.com/hdims/resize/%5E%3E360x%3E468/cropcenter/360x468/quality/85/src/product/image/9ce5d059-df69-42b6-9f21-cd0d883f442b.jpg,https://www.kurly.com/goods/5050162
10,[더오담] 에어프라이어 돈까스 4종 (3입),골라먹는 재미! 에어프라이어로 간편하게,"9,500","8,835",7%,샛별배송,"9,999+",https://product-image.kurly.com/hdims/resize/%5E%3E360x%3E468/cropcenter/360x468/quality/85/src/product/image/b447f949-d0a5-4b4c-950a-208c766044c6.jpg,https://www.kurly.com/goods/5050287
10,[쉐푸드] 6가지 나물 비빔밥,푸짐하게 즐기는 비빔밥 도시락,정가 없음,"6,100",할인율 없음,샛별배송,"9,999+",https://img-cf.kurly.com/hdims/resize/%5E%3E360x%3E468/cropcenter/360x468/quality/85/src/shop/data/goods/1587099260249l0.jpg,https://www.kurly.com/goods/5050820
10,[그로서리서울] 배부른 현미 곤약밥 (4개입),"속을 든든하게, 마음은 가볍게 즐기는!","10,480","9,430",10%,샛별배송,"9,999+",https://product-image.kurly.com/hdims/resize/%5E%3E360x%3E468/cropcenter/360x468/quality/85/src/product/image/9d7f43c6-0bf9-471d-9d11-052fd4afa680.jpg,https://www.kurly.com/goods/5051177
10,[라쿠치나] 프리미엄 파니니 2종 (택1),입안을 가득 채우는 풍성한 토핑,정가 없음,"4,000",할인율 없음,샛별배송,"9,999+",https://product-image.kurly.com/hdims/resize/%5E%3E360x%3E468/cropcenter/360x468/quality/85/src/product/image/f0965746-a5d7-45b1-a35b-817a36b55aa3.jpg,https://www.kurly.com/goods/1000360406
10,[애슐리] 오리지널 통살치킨,한입에 쏙 들어가는 순살 치킨,"7,900","6,290",20%,샛별배송,"9,999+",https://product-image.kurly.com/hdims/resize/%5E%3E360x%3E468/cropcenter/360x468/quality/85/src/product/image/99b9dabd-2d20-4e24-aa07-a493c0cfb774.jpeg,https://www.kurly.com/goods/5051972
10,[애슐리] 시카고 딥디쉬 피자,치즈 듬뿍 두툼하게 즐기는 피자,"8,900","7,290",18%,샛별배송,"9,999+",https://img-cf.kurly.com/hdims/resize/%5E%3E360x%3E468/cropcenter/360x468/quality/85/src/shop/data/goods/158795645680l0.jpg,https://www.kurly.com/goods/5051977
10,[루토사] 벨지안 모둠 감자 400g,한 번에 만나는 다섯 가지 감자튀김,정가 없음,"5,200",할인율 없음,샛별배송,"9,999+",https://img-cf.kurly.com/hdims/resize/%5E%3E360x%3E468/cropcenter/360x468/quality/85/src/shop/data/goods/165606271396l0.jpg,https://www.kurly.com/goods/5012372
10,[루토사] 슈스트링 포테이토 프라이 400g,바삭하고 짭짤한 감자튀김의 대명사,정가 없음,"4,900",할인율 없음,샛별배송,"9,999+",https://img-cf.kurly.com/hdims/resize/%5E%3E360x%3E468/cropcenter/360x468/quality/85/src/shop/data/goods/1655948310567l0.jpg,https://www.kurly.com/goods/5027803
10,[풀무원] 로스팅 꽃게탕면 4입,쫄깃한 식감의 얼큰한 꽃게탕면,"5,450","4,950",9%,샛별배송,"9,999+",https://product-image.kurly.com/hdims/resize/%5E%3E360x%3E468/cropcenter/360x468/quality/85/src/product/image/18177f06-c8be-4e54-a809-8a55275307e1.jpg,https://www.kurly.com/goods/5005164
10,[마니커F&G] 옛날통닭 바사삭 치킨윙 400g,기름에 튀기지 않고 더욱 바삭바삭하게,정가 없음,"8,980",할인율 없음,샛별배송,"9,999+",https://product-image.kurly.com/hdims/resize/%5E%3E360x%3E468/cropcenter/360x468/quality/85/src/product/image/0de5732d-2766-4111-b483-d050f1e592ca.jpg,https://www.kurly.com/goods/5054269
10,[Kurly's] 물만두,국내산 재료로 가득 채운 깨끗함,정가 없음,"9,200",할인율 없음,샛별배송,"9,999+",https://img-cf.kurly.com/hdims/resize/%5E%3E360x%3E468/cropcenter/360x468/quality/85/src/shop/data/goods/16272914139l0.jpg,https://www.kurly.com/goods/5054455
10,[석관동 떡볶이] 석관동 모듬튀김,"매콤한 국물에 콕, 소용량 튀김 모둠","4,500","3,600",20%,샛별배송,"9,999+",https://img-cf.kurly.com/hdims/resize/%5E%3E360x%3E468/cropcenter/360x468/quality/85/src/shop/data/goods/1594969238964l0.jpg,https://www.kurly.com/goods/5054625
10,[마이비밀] 다이어트 도시락 8종,걱정없는 든든한 한끼,"4,900","3,920",20%,샛별배송,"9,999+",https://product-image.kurly.com/hdims/resize/%5E%3E360x%3E468/cropcenter/360x468/quality/85/src/product/image/e8d527b3-bb2e-479f-8183-3372a1748d79.jpeg,https://www.kurly.com/goods/5056117
10,[마니커F&G] 바사삭 치킨 닭다리 420g,기름에 튀기지 않고 바삭한 닭다리 치킨!,정가 없음,"8,980",할인율 없음,샛별배송,"9,999+",https://product-image.kurly.com/hdims/resize/%5E%3E360x%3E468/cropcenter/360x468/quality/85/src/product/image/906e8fac-a48a-4ce0-bf95-c50639b9280e.jpg,https://www.kurly.com/goods/5056316
10,"[Kurly's] 간편하게 바삭, 새우까스",탱글거리는 새우의 식감 가득,정가 없음,"6,800",할인율 없음,샛별배송,"9,999+",https://img-cf.kurly.com/hdims/resize/%5E%3E360x%3E468/cropcenter/360x468/quality/85/src/shop/data/goods/1653036924291l0.jpeg,https://www.kurly.com/goods/5057159
10,[네이처밸리] 그래놀라 바 5종 (택1),식사대용으로 간판하게 즐기는 건강 스낵 바,"6,480","4,980",23%,샛별배송,"9,999+",https://img-cf.kurly.com/hdims/resize/%5E%3E360x%3E468/cropcenter/360x468/quality/85/src/shop/data/goods/1634540760125l0.jpg,https://www.kurly.com/goods/5007664
10,[네이쳐패스] 유기농 그래놀라 2종,하루의 시작을 든든하고 건강하게!,"10,980","9,110",17%,샛별배송,"9,999+",https://img-cf.kurly.com/hdims/resize/%5E%3E360x%3E468/cropcenter/360x468/quality/85/src/shop/data/goods/1508744191575l0.jpg,https://www.kurly.com/goods/5009619
11,[그라놀로지] 그래놀라 150g 7종 (택1),"더블카카오, 크런치 코코넛 신규 런칭!","11,000","8,500",22%,샛별배송,"9,999+",https://product-image.kurly.com/hdims/resize/%5E%3E360x%3E468/cropcenter/360x468/quality/85/src/product/image/b24a19d7-5d40-495f-b910-6143f1df85ce.jpg,https://www.kurly.com/goods/5011151
11,[피그인더가든] 프레쉬믹스 베이직샐러드,간편하게 즐기는 알록달록 샐러드,"2,190","1,861",15%,샛별배송,"9,999+","data:image/gif;base64,R0lGODlhAQABAIAAAAAAAP///yH5BAEAAAAALAAAAAABAAEAAAIBRAA7",https://www.kurly.com/goods/5060528
11,[피그인더가든] 데일리믹스 베이직샐러드,손질이 필요없는 간편함,"2,190","1,970",10%,샛별배송,"9,999+","data:image/gif;base64,R0lGODlhAQABAIAAAAAAAP///yH5BAEAAAAALAAAAAABAAEAAAIBRAA7",https://www.kurly.com/goods/5060529
11,[경주미정당] 눈감고도뚝딱 가래떡 쌀떡볶이,떡의 명가가 만든 떡볶이,"6,400","5,760",10%,샛별배송,"9,999+","data:image/gif;base64,R0lGODlhAQABAIAAAAAAAP///yH5BAEAAAAALAAAAAABAAEAAAIBRAA7",https://www.kurly.com/goods/5060612
11,[보승] 한판모둠순대,내장을 함께 담은 알찬 구성,정가 없음,"5,500",할인율 없음,샛별배송,"9,999+","data:image/gif;base64,R0lGODlhAQABAIAAAAAAAP///yH5BAEAAAAALAAAAAABAAEAAAIBRAA7",https://www.kurly.com/goods/5060643
11,"[Kurly's] 간편하게 바삭, 통등심 돈까스",씹는 맛이 살아있는 무항생제 통등심 돈까스,"6,350","5,715",10%,샛별배송,"9,999+","data:image/gif;base64,R0lGODlhAQABAIAAAAAAAP///yH5BAEAAAAALAAAAAABAAEAAAIBRAA7",https://www.kurly.com/goods/5054960
11,[탄단지] 가벼운 한식 도시락 6종 (택2),칼로리 부담 없는 건강한 한 끼,"5,100","4,080",20%,샛별배송,"9,999+","data:image/gif;base64,R0lGODlhAQABAIAAAAAAAP///yH5BAEAAAAALAAAAAABAAEAAAIBRAA7",https://www.kurly.com/goods/5060785
11,[굽네] 닭가슴살 만두 3종 (택1),최소구매수량 2개,"2,890","2,410",16%,샛별배송,"9,999+","data:image/gif;base64,R0lGODlhAQABAIAAAAAAAP///yH5BAEAAAAALAAAAAABAAEAAAIBRAA7",https://www.kurly.com/goods/5061908
11,[전주 베테랑] 고기만두,얇은 피로 돌아온 대표 메뉴,"5,980","4,784",20%,샛별배송,"9,999+","data:image/gif;base64,R0lGODlhAQABAIAAAAAAAP///yH5BAEAAAAALAAAAAABAAEAAAIBRAA7",https://www.kurly.com/goods/5062771
11,[창화당] 쫄면,매콤달콤한 창화당의 쫄면!,"6,900","6,400",7%,샛별배송,"9,999+","data:image/gif;base64,R0lGODlhAQABAIAAAAAAAP///yH5BAEAAAAALAAAAAABAAEAAAIBRAA7",https://www.kurly.com/goods/5062826
11,[그래놀라 하우스] 그래놀라 5종 (택1),도톰하게 뭉쳐 만든 수제 그래놀라,"13,500","12,150",10%,샛별배송,"9,999+","data:image/gif;base64,R0lGODlhAQABAIAAAAAAAP///yH5BAEAAAAALAAAAAABAAEAAAIBRAA7",https://www.kurly.com/goods/5063596
11,[존쿡 델리미트] 부어스첸 핫도그 50g x 6개,맛으로 승부하는 핫도그(50g x 6개입),정가 없음,"7,980",할인율 없음,샛별배송,"9,999+","data:image/gif;base64,R0lGODlhAQABAIAAAAAAAP///yH5BAEAAAAALAAAAAABAAEAAAIBRAA7",https://www.kurly.com/goods/5040500
11,[미자언니네] 흑임자 연근샐러드,아삭아삭 고소하게 즐기는 샐러드,정가 없음,"5,500",할인율 없음,샛별배송,"9,999+","data:image/gif;base64,R0lGODlhAQABAIAAAAAAAP///yH5BAEAAAAALAAAAAABAAEAAAIBRAA7",https://www.kurly.com/goods/5052873
11,[LOTS OF LOVE] 한끼든든 시원한 황태국밥 (리뉴얼),간편하게 맛보는 시원한 국밥 한 그릇,정가 없음,"6,000",할인율 없음,샛별배송,"9,999+","data:image/gif;base64,R0lGODlhAQABAIAAAAAAAP///yH5BAEAAAAALAAAAAABAAEAAAIBRAA7",https://www.kurly.com/goods/5034409
11,[위드진해] 곱창전골,끓여서 더 좋은 곱창의 진한 매력,정가 없음,"26,900",할인율 없음,샛별배송,"9,999+","data:image/gif;base64,R0lGODlhAQABAIAAAAAAAP///yH5BAEAAAAALAAAAAABAAEAAAIBRAA7",https://www.kurly.com/goods/5030594
11,[고메공방] 미친 치즈돈까스,치즈가 쭉쭉 늘어나는 돈까스,정가 없음,"14,900",할인율 없음,샛별배송,"9,999+","data:image/gif;base64,R0lGODlhAQABAIAAAAAAAP///yH5BAEAAAAALAAAAAABAAEAAAIBRAA7",https://www.kurly.com/goods/5037880
11,[스윗밸런스] 오늘의 샐러드 10종 (리뉴얼) (택1),다채로운 토핑을 얹은 샐러드,"5,400","4,860",10%,샛별배송,"9,999+",https://product-image.kurly.com/hdims/resize/%5E%3E360x%3E468/cropcenter/360x468/quality/85/src/product/image/d8af0f6f-f092-417c-99df-542cad8e3a9c.jpeg,https://www.kurly.com/goods/5066426
11,[모던구루] 그래놀라 6종 (택1),건강한 재료로 완성한 고소함,정가 없음,"11,000",할인율 없음,샛별배송,"9,999+",https://product-image.kurly.com/hdims/resize/%5E%3E360x%3E468/cropcenter/360x468/quality/85/src/product/image/7e4e6bc3-cf79-40ec-a10b-f53a76e52a06.jpg,https://www.kurly.com/goods/5066434
11,[대구 반할만떡] 당면 만두,당면으로 가득찬 튀김 만두,"6,980","6,280",10%,샛별배송,"9,999+",https://img-cf.kurly.com/hdims/resize/%5E%3E360x%3E468/cropcenter/360x468/quality/85/src/shop/data/goods/1613545248388l0.jpg,https://www.kurly.com/goods/5067153
11,[쉐푸드] 참치 김밥,담백 고소한 매력의 김밥,정가 없음,"4,750",할인율 없음,샛별배송,"9,999+",https://img-cf.kurly.com/hdims/resize/%5E%3E360x%3E468/cropcenter/360x468/quality/85/src/shop/data/goods/1615355489298l0.jpg,https://www.kurly.com/goods/5067190
11,[쉐푸드] 제육에그참치 유부초밥,세 가지 고소함을 더한 유부초밥,정가 없음,"4,490",할인율 없음,샛별배송,"9,999+",https://img-cf.kurly.com/hdims/resize/%5E%3E360x%3E468/cropcenter/360x468/quality/85/src/shop/data/goods/1615355783239l0.jpg,https://www.kurly.com/goods/5067192
11,"[Kurly's] 고기 왕만두 (1,050g/지퍼백)",육즙 듬뿍 풍성한 우리밀 만두,정가 없음,"10,300",할인율 없음,샛별배송,"9,999+",https://img-cf.kurly.com/hdims/resize/%5E%3E360x%3E468/cropcenter/360x468/quality/85/src/shop/data/goods/1622536776317l0.jpg,https://www.kurly.com/goods/5068189
11,"[Kurly's] 김치 왕만두 (1,050g/지퍼백)",매콤 고소한 매력의 우리밀 만두,정가 없음,"10,300",할인율 없음,샛별배송,"9,999+",https://img-cf.kurly.com/hdims/resize/%5E%3E360x%3E468/cropcenter/360x468/quality/85/src/shop/data/goods/1622535619962l0.jpg,https://www.kurly.com/goods/5068190
11,[이연복의 목란] 짬뽕 2인분 (오리지널),매콤한 불맛이 담긴 한 그릇,"14,500","13,050",10%,샛별배송,"9,999+",https://img-cf.kurly.com/hdims/resize/%5E%3E360x%3E468/cropcenter/360x468/quality/85/src/shop/data/goods/1653035180973l0.jpeg,https://www.kurly.com/goods/5068232
11,[아침먹고가] 도시락 6종 (택1),간편하게 즐기는 든든한 한 끼,정가 없음,"5,200",할인율 없음,샛별배송,"9,999+",https://img-cf.kurly.com/hdims/resize/%5E%3E360x%3E468/cropcenter/360x468/quality/85/src/shop/data/goods/1617244999720l0.jpg,https://www.kurly.com/goods/5069078
11,[풀무원] 롤 유부초밥,돌돌 말아 먹는 색다른 유부초밥,"6,980","5,580",20%,샛별배송,"9,999+",https://product-image.kurly.com/hdims/resize/%5E%3E360x%3E468/cropcenter/360x468/quality/85/src/product/image/ab9a9e74-be93-4126-bc48-e022b0f271c8.jpg,https://www.kurly.com/goods/5069129
11,[풀무원] 꼬마 유부초밥,귀여운 한 입 크기 유부초밥,정가 없음,"3,480",할인율 없음,샛별배송,"9,999+",https://product-image.kurly.com/hdims/resize/%5E%3E360x%3E468/cropcenter/360x468/quality/85/src/product/image/057e4ffa-c3af-4029-917f-8ed601a30976.jpg,https://www.kurly.com/goods/5069130
11,[풀무원] 국산콩 유부초밥,국내산 콩으로 만들어 담백한 맛,정가 없음,"4,280",할인율 없음,샛별배송,"9,999+",https://product-image.kurly.com/hdims/resize/%5E%3E360x%3E468/cropcenter/360x468/quality/85/src/product/image/da3c9565-c622-495a-bfc7-97af53c19d3f.jpg,https://www.kurly.com/goods/5069132
11,[차알] 차돌 마라탕면,마라와 차돌의 매콤한 만남,"9,800","8,900",9%,샛별배송,"9,999+",https://img-cf.kurly.com/hdims/resize/%5E%3E360x%3E468/cropcenter/360x468/quality/85/src/shop/data/goods/1653034571494l0.jpeg,https://www.kurly.com/goods/5069994
11,[Kurly's] 샌드위치용 달걀듬뿍 샐러드 500g,넉넉히 즐기는 국내산 달걀 샐러드,정가 없음,"6,980",할인율 없음,샛별배송,"9,999+",https://img-cf.kurly.com/hdims/resize/%5E%3E360x%3E468/cropcenter/360x468/quality/85/src/shop/data/goods/1625200740203l0.jpg,https://www.kurly.com/goods/5072582
12,[Kurly's] 샌드위치용 달걀감자 샐러드 500g,풍성하게 누리는 달걀과 감자의 조화,"6,980","5,933",15%,샛별배송,"9,999+",https://img-cf.kurly.com/hdims/resize/%5E%3E360x%3E468/cropcenter/360x468/quality/85/src/shop/data/goods/1648210308822l0.jpeg,https://www.kurly.com/goods/5072583
12,"[2개이상 구매 시, 15% 할인][하코야] 살얼음 동동 냉메밀 소바 2인분",가쓰오부시의 진한 감칠맛,"9,900","8,415",15%,샛별배송,"9,999+",https://img-cf.kurly.com/hdims/resize/%5E%3E360x%3E468/cropcenter/360x468/quality/85/src/shop/data/goods/1637921430646l0.jpg?v=0531,https://www.kurly.com/goods/5072940
12,[전주 베테랑] 김치만두,전주 유명 맛집의 인기 메뉴,"5,980","5,083",15%,샛별배송,"9,999+","data:image/gif;base64,R0lGODlhAQABAIAAAAAAAP///yH5BAEAAAAALAAAAAABAAEAAAIBRAA7",https://www.kurly.com/goods/5072984
12,[마이비밀] 홈슐랭 식단관리 도시락 5종,가볍게 즐기는 별미 요리 한 끼,정가 없음,"5,100",할인율 없음,샛별배송,"9,999+","data:image/gif;base64,R0lGODlhAQABAIAAAAAAAP///yH5BAEAAAAALAAAAAABAAEAAAIBRAA7",https://www.kurly.com/goods/5076600
12,"[2개 이상 구매 시 10,158원][산메촌] 메밀 물막국수(2인분)",메밀 고유의 맛을 살리는 막국수 맛집,"11,950","10,157",15%,샛별배송,"9,999+","data:image/gif;base64,R0lGODlhAQABAIAAAAAAAP///yH5BAEAAAAALAAAAAABAAEAAAIBRAA7",https://www.kurly.com/goods/5070637
12,[햇반] 솥반 9종,건강하게 지은 밥 한 그릇,"4,480","3,480",22%,샛별배송,"9,999+","data:image/gif;base64,R0lGODlhAQABAIAAAAAAAP///yH5BAEAAAAALAAAAAABAAEAAAIBRAA7",https://www.kurly.com/goods/5082168
12,[비비고] 왕교자 만두 대용량 1.05kg,넉넉하게 누리는 만두의 정석,"10,980","9,980",9%,샛별배송,"9,999+","data:image/gif;base64,R0lGODlhAQABAIAAAAAAAP///yH5BAEAAAAALAAAAAABAAEAAAIBRAA7",https://www.kurly.com/goods/5082274
12,[샐러드판다] 판다의 유러피안 샐러드 믹스 3종 (택1),내 마음대로 조합하는 재미,"4,900","4,410",10%,샛별배송,"9,999+","data:image/gif;base64,R0lGODlhAQABAIAAAAAAAP///yH5BAEAAAAALAAAAAABAAEAAAIBRAA7",https://www.kurly.com/goods/5090100
12,[세끼판다] 샐러드판다의 삼시세끼 샐러드 8종 (리뉴얼),"색다른 토핑, 즐거운 한 끼",정가 없음,"5,200",할인율 없음,샛별배송,"9,999+",https://product-image.kurly.com/hdims/resize/%5E%3E360x%3E468/cropcenter/360x468/quality/85/src/product/image/3ace6911-5468-4a1c-8ebe-7194b915a09d.jpg,https://www.kurly.com/goods/5095233
12,[고메공방] 대구식 납작만두 300g (15g x 20입),"최소 구매 수량 2개 (8,800원)","4,900","4,400",10%,샛별배송,"9,999+",https://img-cf.kurly.com/hdims/resize/%5E%3E360x%3E468/cropcenter/360x468/quality/85/src/shop/data/goods/1637301571627l0.jpg,https://www.kurly.com/goods/5097384
12,[진실된손맛] 한우사골 양지곰탕,뽀얀 국물 속 풍성한 양지,"6,900","6,000",13%,샛별배송,"9,999+",https://img-cf.kurly.com/hdims/resize/%5E%3E360x%3E468/cropcenter/360x468/quality/85/src/shop/data/goods/1637893373379l0.jpg,https://www.kurly.com/goods/5097092
12,[진실된손맛] 소고기 샤브탕,그대로 데워 완성하는 샤브샤브,"7,900","7,110",10%,샛별배송,"9,999+",https://img-cf.kurly.com/hdims/resize/%5E%3E360x%3E468/cropcenter/360x468/quality/85/src/shop/data/goods/1653039694391l0.jpeg,https://www.kurly.com/goods/5097094
12,[고온어다이어트] 시즌4 도시락 3종,식단 조절의 지루함을 달래줄,정가 없음,"5,400",할인율 없음,샛별배송,"9,999+",https://product-image.kurly.com/hdims/resize/%5E%3E360x%3E468/cropcenter/360x468/quality/85/src/product/image/674e0631-68d6-4a20-af8e-c1fc98e9981d.jpg,https://www.kurly.com/goods/5104101
12,[로컬플랜] 부산식 물떡&어묵꼬치,부산의 별미 분식,"6,500","5,200",20%,샛별배송,"9,999+",https://product-image.kurly.com/hdims/resize/%5E%3E360x%3E468/cropcenter/360x468/quality/85/src/product/image/65fa2c44-3198-4adb-b4b9-76ce02e6964a.jpeg,https://www.kurly.com/goods/5116449
12,[부산 상국이네] 떡볶이 (2~3인분),40년 전통의 부산식 떡볶이,"8,400","7,500",10%,샛별배송,"9,999+",https://img-cf.kurly.com/hdims/resize/%5E%3E360x%3E468/cropcenter/360x468/quality/85/src/shop/data/goods/1646963339667l0.jpg,https://www.kurly.com/goods/5116450
12,[부침명장] 한입땡초부추전,고소한 부추전 속 청양고추가 콕콕,"8,000","6,400",20%,샛별배송,"9,999+",https://product-image.kurly.com/hdims/resize/%5E%3E360x%3E468/cropcenter/360x468/quality/85/src/product/image/e11da68a-a39e-43b2-8a3b-8289957d2427.jpg,https://www.kurly.com/goods/5123049
12,[온더고] 간편 미식 덮밥 도시락 4종 (택2),간편하게 즐기는 이색 도시락,"5,980","5,140",14%,샛별배송,"9,999+",https://product-image.kurly.com/hdims/resize/%5E%3E360x%3E468/cropcenter/360x468/quality/85/src/product/image/5179199a-0890-4ae6-b1bb-eb2c88c9b0f6.jpg,https://www.kurly.com/goods/5135831
12,[스윗밸런스] 오늘의 식단 도시락 6종 (택1),"새로운 식단이 필요할 때 / 최소 구매 수량 2개 (10,000원~)",정가 없음,"5,000",할인율 없음,샛별배송,"9,999+",https://img-cf.kurly.com/hdims/resize/%5E%3E360x%3E468/cropcenter/360x468/quality/85/src/shop/data/goods/1653641549214l0.jpg?v=0531,https://www.kurly.com/goods/5135870
13,[샐러드판다] 샐러드 샌드위치 7종 (택1),신선한 재료가 한 입 가득,"4,900","4,410",10%,샛별배송,"9,999+","data:image/gif;base64,R0lGODlhAQABAIAAAAAAAP///yH5BAEAAAAALAAAAAABAAEAAAIBRAA7",https://www.kurly.com/goods/5136646
13,[라이틀리] 곤약김밥 5종 (택1),곤약쌀로 맛있고 가벼운 한 끼 식사,"4,900","4,160",15%,샛별배송,"9,999+","data:image/gif;base64,R0lGODlhAQABAIAAAAAAAP///yH5BAEAAAAALAAAAAABAAEAAAIBRAA7",https://www.kurly.com/goods/5138822
13,[탄단지] 닭가슴살 현미 삼각주먹밥 500g 3종 (택1),맛있고 간편한 식단 관리,"6,600","5,610",15%,샛별배송,"9,999+","data:image/gif;base64,R0lGODlhAQABAIAAAAAAAP///yH5BAEAAAAALAAAAAABAAEAAAIBRAA7",https://www.kurly.com/goods/5151471
13,[스윗밸런스] 시그니처 샐러드 3종 (택1),매장에서 먹던 그대로 푸짐하게 완성,정가 없음,"5,900",할인율 없음,샛별배송,"9,999+",https://product-image.kurly.com/hdims/resize/%5E%3E360x%3E468/cropcenter/360x468/quality/85/src/product/image/9b242f45-2382-4e91-bfca-149f7119e801.jpg,https://www.kurly.com/goods/5153200
13,[하남돼지집] 철판삼겹살마무리볶음밥 4입,고깃집에서 즐기던 감칠맛 그대로,정가 없음,"11,900",할인율 없음,샛별배송,"9,999+",https://product-image.kurly.com/hdims/resize/%5E%3E360x%3E468/cropcenter/360x468/quality/85/src/product/image/047bfb49-6ce4-4890-b69b-140dd7da32f5.jpg,https://www.kurly.com/goods/5155567
13,[소금집] 잠봉뵈르 샌드위치 (리뉴얼),집으로 배달되는 소금집의 시그니처,"8,900","8,010",10%,샛별배송,"9,999+",https://product-image.kurly.com/hdims/resize/%5E%3E360x%3E468/cropcenter/360x468/quality/85/src/product/image/79fc23c5-60b6-4c46-884b-31bb6893367b.jpg,https://www.kurly.com/goods/5161538
13,[홍루이젠] 대만 샌드위치 3개입 3종 (택1),"호밀빵으로 더한 고소함 (1개당 판매가 2,633원~)",정가 없음,"8,600",할인율 없음,샛별배송,"9,999+",https://product-image.kurly.com/hdims/resize/%5E%3E360x%3E468/cropcenter/360x468/quality/85/src/product/image/d00a19ec-9c0b-4406-8d1b-c5331c1086ec.jpg,https://www.kurly.com/goods/1000029142
13,[홍루이젠] 에그마요 샌드위치 2개입 3종 (택1),부드러운 에그 샐러드가 듬뿍!,정가 없음,"6,800",할인율 없음,샛별배송,"9,999+",https://product-image.kurly.com/hdims/resize/%5E%3E360x%3E468/cropcenter/360x468/quality/85/src/product/image/00aa6b63-fedf-4baa-8894-418054bbf400.jpg,https://www.kurly.com/goods/1000029138
13,[탄단지] 가벼운 한식 도시락 6종 (2개입) (택1),칼로리 부담 없는 건강한 한 끼,"9,200","7,820",15%,샛별배송,"9,999+",https://product-image.kurly.com/hdims/resize/%5E%3E360x%3E468/cropcenter/360x468/quality/85/src/product/image/82f8b62b-3b82-4be2-a74e-a454249c9b54.jpg,https://www.kurly.com/goods/1000017061
13,[바른식] 강릉식 짬뽕순두부 찌개,칼칼한 국물 속 풍성한 해물,"9,900","7,920",20%,샛별배송,"9,999+",https://product-image.kurly.com/hdims/resize/%5E%3E360x%3E468/cropcenter/360x468/quality/85/src/product/image/9115079e-d4b5-4081-a762-5940ca6fc3da.jpeg,https://www.kurly.com/goods/1000040783
13,[아침먹고가] 도시락 6종 (2개입) (택1),간편하게 즐기는 든든한 한 끼,정가 없음,"9,000",할인율 없음,샛별배송,"9,999+",https://product-image.kurly.com/hdims/resize/%5E%3E360x%3E468/cropcenter/360x468/quality/85/src/product/image/ccca4912-88e7-4979-a0d3-762475c1f50b.jpg,https://www.kurly.com/goods/1000028543
14,[메이티엔] 대만 샌드위치 3종 (4개입),부드럽고 달콤한 샌드위치,"9,900","8,900",10%,샛별배송,"9,999+","data:image/gif;base64,R0lGODlhAQABAIAAAAAAAP///yH5BAEAAAAALAAAAAABAAEAAAIBRAA7",https://www.kurly.com/goods/1000052835
14,[하코야] 문어쏙쏙 타코야키 2입,"소스, 가쓰오부시까지 알찬 구성","9,900","7,920",20%,샛별배송,"9,999+","data:image/gif;base64,R0lGODlhAQABAIAAAAAAAP///yH5BAEAAAAALAAAAAABAAEAAAIBRAA7",https://www.kurly.com/goods/1000044029
14,[집으로 ON] 어린이 볶음밥 3종 (5개입) (택1),재료를 곱게 손질해 부드러운 식감,정가 없음,"14,950",할인율 없음,샛별배송,"9,999+","data:image/gif;base64,R0lGODlhAQABAIAAAAAAAP///yH5BAEAAAAALAAAAAABAAEAAAIBRAA7",https://www.kurly.com/goods/1000065844
14,[라이틀리] 곤약 볶음밥 7종(6개입) (택1),가볍지만 알차게 즐기는 볶음밥,"15,900","13,500",15%,샛별배송,"9,999+","data:image/gif;base64,R0lGODlhAQABAIAAAAAAAP///yH5BAEAAAAALAAAAAABAAEAAAIBRAA7",https://www.kurly.com/goods/1000065853
14,[푸드렐라] 석쇠닭갈비,쫄깃한 닭다리살에 불맛을 입힌 직화 닭갈비,"9,900","8,910",10%,샛별배송,"9,999+","data:image/gif;base64,R0lGODlhAQABAIAAAAAAAP///yH5BAEAAAAALAAAAAABAAEAAAIBRAA7",https://www.kurly.com/goods/5027013
14,[조선호텔] 꿔바로우 450g,쫀득함이 남다른 등심 꿔바로우,"9,800","8,428",14%,샛별배송,"9,999+","data:image/gif;base64,R0lGODlhAQABAIAAAAAAAP///yH5BAEAAAAALAAAAAABAAEAAAIBRAA7",https://www.kurly.com/goods/1000052927
14,[스윗밸런스] 샐러드랩 샌드위치 7종 (택1),간편하게 챙기는 건강한 한 끼,정가 없음,"4,300",할인율 없음,샛별배송,"9,999+","data:image/gif;base64,R0lGODlhAQABAIAAAAAAAP///yH5BAEAAAAALAAAAAABAAEAAAIBRAA7",https://www.kurly.com/goods/1000071994
14,[석관동 떡볶이] 오리지널 떡볶이 1봉/2봉(택1),자꾸 생각나는 매콤 달콤함,"12,000","10,200",15%,샛별배송,"9,999+","data:image/gif;base64,R0lGODlhAQABAIAAAAAAAP///yH5BAEAAAAALAAAAAABAAEAAAIBRAA7",https://www.kurly.com/goods/1000102474
14,[금미옥] 김말이 700g,깻잎의 향긋함이 더해진,정가 없음,"6,800",할인율 없음,샛별배송,"9,999+","data:image/gif;base64,R0lGODlhAQABAIAAAAAAAP///yH5BAEAAAAALAAAAAABAAEAAAIBRAA7",https://www.kurly.com/goods/1000115239
14,[11시 45분] 톳두부 비건 곤약김밥 (2개입),담백하고 부담 없는 한 끼 식사,정가 없음,"8,500",할인율 없음,샛별배송,"9,999+","data:image/gif;base64,R0lGODlhAQABAIAAAAAAAP///yH5BAEAAAAALAAAAAABAAEAAAIBRAA7",https://www.kurly.com/goods/1000093648
14,[11시 45분] 우엉유부 비건 곤약김밥 (2개입),씹을수록 짭조름하고 고소한 맛,정가 없음,"8,900",할인율 없음,샛별배송,"9,999+","data:image/gif;base64,R0lGODlhAQABAIAAAAAAAP///yH5BAEAAAAALAAAAAABAAEAAAIBRAA7",https://www.kurly.com/goods/1000093642
14,[11시 45분] 일품잡채 비건 곤약김밥 (2개입),곤약밥에 잡채를 푸짐하게 채워 완성,정가 없음,"8,500",할인율 없음,샛별배송,"9,999+","data:image/gif;base64,R0lGODlhAQABAIAAAAAAAP///yH5BAEAAAAALAAAAAABAAEAAAIBRAA7",https://www.kurly.com/goods/1000093644
14,[남향푸드또띠아] 간편 브리또 15종 2개입 (택1),가볍고 든든한 멕시칸 푸드,"6,600","5,280",20%,샛별배송,"9,999+",https://product-image.kurly.com/hdims/resize/%5E%3E360x%3E468/cropcenter/360x468/quality/85/src/product/image/dd1c0a05-ca1a-4c21-a712-54338f3dbbf2.jpg,https://www.kurly.com/goods/1000127954
14,[마이비밀] 라이킷 식단관리 도시락 8종,한 팩으로 해결하는 식단 관리 (최소구매수량 2개),"4,800","3,840",20%,샛별배송,"9,999+",https://product-image.kurly.com/hdims/resize/%5E%3E360x%3E468/cropcenter/360x468/quality/85/src/product/image/5e8f6b25-0ef9-4eac-88e8-a9b6dc12e82a.jpg,https://www.kurly.com/goods/1000134705
14,[에머이] 소고기 쌀국수 키트 (2인분),간편하게 즐기는 현지의 맛,"12,500","10,000",20%,샛별배송,"9,999+",https://img-cf.kurly.com/hdims/resize/%5E%3E360x%3E468/cropcenter/360x468/quality/85/src/shop/data/goods/163792233013l0.jpg,https://www.kurly.com/goods/5073094
14,[고메] 소바바치킨 소이허니 3종 (택1),부위 별로 고르는 달콤 짭짤한 치킨,"8,980","7,980",11%,샛별배송,"9,999+",https://product-image.kurly.com/hdims/resize/%5E%3E360x%3E468/cropcenter/360x468/quality/85/src/product/image/c240becd-75f6-46ea-b75e-8ce815c7d402.jpg,https://www.kurly.com/goods/1000157446
14,닭가슴살 곤약볶음밥 3종 (4개입) 택1,부담 없이 즐기는 별미 볶음밥,"10,100","9,090",10%,샛별배송,"9,999+",https://product-image.kurly.com/hdims/resize/%5E%3E360x%3E468/cropcenter/360x468/quality/85/src/product/image/295ff79f-ecc1-4689-b55f-01fe8de5bd26.jpg,https://www.kurly.com/goods/1000149207
14,[치엔바오] 대만 샌드위치 3종 (2번들),"부드럽게 즐기는 달콤한 간식 (1개당 판매가 : 2,250)","4,500","3,825",15%,샛별배송,"9,999+",https://product-image.kurly.com/hdims/resize/%5E%3E360x%3E468/cropcenter/360x468/quality/85/src/product/image/b3b345e4-c283-4662-a0c7-3dc6285f6713.jpg,https://www.kurly.com/goods/1000034710
14,[2개 사면 24%][우주인피자] 인기 피자 2종 (택1),베스트 마르게리따 & 허니 고르곤졸라 피자,"11,900","9,044",24%,샛별배송,"9,999+",https://product-image.kurly.com/hdims/resize/%5E%3E360x%3E468/cropcenter/360x468/quality/85/src/product/image/65858028-90b8-4daa-8c3d-8d22afd65146.jpg,https://www.kurly.com/goods/1000048245
14,[99핫도그] 크리스피 핫도그 800g(80gX10개입) 2종 (택1),"맛과 품질, 가격까지 갖춘 핫도그",정가 없음,"9,900",할인율 없음,샛별배송,"9,999+",https://product-image.kurly.com/hdims/resize/%5E%3E360x%3E468/cropcenter/360x468/quality/85/src/product/image/19293180-6537-4922-b54e-42a036c9b987.jpg,https://www.kurly.com/goods/1000170826
14,[금미옥] 쌀 떡볶이 (2개입),학교 앞 분식집에서 먹던 그 맛,정가 없음,"11,500",할인율 없음,샛별배송,"9,999+",https://product-image.kurly.com/hdims/resize/%5E%3E360x%3E468/cropcenter/360x468/quality/85/src/product/image/308ef5b2-aaad-46a5-a1ae-97777de499a8.jpg,https://www.kurly.com/goods/1000165319
14,[햇반/쿡반] 노릇노릇 볶음밥 2개입 8종 (택1),CJ 인기 스팸김치볶음밥부터 곤드레나물밥까지,"6,580","4,980",24%,샛별배송,"9,999+",https://product-image.kurly.com/hdims/resize/%5E%3E360x%3E468/cropcenter/360x468/quality/85/src/product/image/4a481ead-1875-43af-b732-384b58553ba9.jpg,https://www.kurly.com/goods/1000184373
14,[금미옥] 국물 떡볶이 (2개입),달큰한 추억의 맛이 새록새록,정가 없음,"11,500",할인율 없음,샛별배송,"9,999+",https://product-image.kurly.com/hdims/resize/%5E%3E360x%3E468/cropcenter/360x468/quality/85/src/product/image/c4db24c3-0724-4c57-abf7-e05d31436c7f.jpg,https://www.kurly.com/goods/1000165317
15,[서울마님] 간편 떡구이 (2개입/4개입) 6종 (택1),풍성하게 돌아온 알찬 떡 구이,정가 없음,"4,980",할인율 없음,샛별배송,"9,999+",https://product-image.kurly.com/hdims/resize/%5E%3E360x%3E468/cropcenter/360x468/quality/85/src/product/image/bb7c0597-70d1-4335-b0dc-a6de15247f71.jpeg?v=0531,https://www.kurly.com/goods/1000185399
15,"[샐러딩] 샐러드 8종 (리뉴얼, 택1)",요리처럼 즐기는 싱그러운 한 끼,정가 없음,"6,900",할인율 없음,샛별배송,"9,999+","data:image/gif;base64,R0lGODlhAQABAIAAAAAAAP///yH5BAEAAAAALAAAAAABAAEAAAIBRAA7",https://www.kurly.com/goods/1000124092
15,[컬리X햇반] 향긋한 골든퀸쌀밥 210g*6입,골든퀸의 구수한 향미가 가득,"9,980","5,980",40%,샛별배송,"9,999+","data:image/gif;base64,R0lGODlhAQABAIAAAAAAAP///yH5BAEAAAAALAAAAAABAAEAAAIBRAA7",https://www.kurly.com/goods/1000202889
15,[푸드렐라] 통통살 가라아게(2개입),육즙이 가득한 풍성한 맛,"11,000","10,230",7%,샛별배송,"9,999+","data:image/gif;base64,R0lGODlhAQABAIAAAAAAAP///yH5BAEAAAAALAAAAAABAAEAAAIBRAA7",https://www.kurly.com/goods/1000029144
15,[테이스틴] 단백질 두부리또 7종 (2개입),포두부로 감싸 만든 부리또,"9,000","7,830",13%,샛별배송,"9,999+","data:image/gif;base64,R0lGODlhAQABAIAAAAAAAP///yH5BAEAAAAALAAAAAABAAEAAAIBRAA7",https://www.kurly.com/goods/1000223574
15,[비비고] 왕교자 455gx2개입,풍성한 식감의 만두의 정석,"9,480","8,680",8%,샛별배송,"9,999+","data:image/gif;base64,R0lGODlhAQABAIAAAAAAAP///yH5BAEAAAAALAAAAAABAAEAAAIBRAA7",https://www.kurly.com/goods/1000229616
15,"[어게인리프레쉬] 샐러드 8종 (택1, 리뉴얼)",내 취향에 맞는 샐러드 고르기,정가 없음,"5,900",할인율 없음,샛별배송,"9,999+","data:image/gif;base64,R0lGODlhAQABAIAAAAAAAP///yH5BAEAAAAALAAAAAABAAEAAAIBRAA7",https://www.kurly.com/goods/1000268088
15,[99치킨] 순살 닭강정,온 가족이 함께 즐기는 99치킨,"9,900","8,900",10%,샛별배송,"9,999+","data:image/gif;base64,R0lGODlhAQABAIAAAAAAAP///yH5BAEAAAAALAAAAAABAAEAAAIBRAA7",https://www.kurly.com/goods/1000308975
16,[정미경키친] 한우 비빔밥 세트,정갈하게 완성하는 간편한 비빔밥,정가 없음,"13,900",할인율 없음,샛별배송,"9,999+","data:image/gif;base64,R0lGODlhAQABAIAAAAAAAP///yH5BAEAAAAALAAAAAABAAEAAAIBRAA7",https://www.kurly.com/goods/5013402
16,[정미경키친] 산채나물 비빔세트,산나물이 가득 담긴 비빔밥 키트,정가 없음,"9,900",할인율 없음,샛별배송,"9,999+","data:image/gif;base64,R0lGODlhAQABAIAAAAAAAP///yH5BAEAAAAALAAAAAABAAEAAAIBRAA7",https://www.kurly.com/goods/5042811
16,[김구원선생] 우삼겹 순두부찌개,국산 두부와 우삼겹의 고소한 만남,정가 없음,"8,950",할인율 없음,샛별배송,"9,999+","data:image/gif;base64,R0lGODlhAQABAIAAAAAAAP///yH5BAEAAAAALAAAAAABAAEAAAIBRAA7",https://www.kurly.com/goods/5069404
16,[광화문 미진] 메밀 국수 3종 (택1),메밀 명가의 시그니처 메뉴,"9,980","9,081",9%,샛별배송,"9,999+",https://img-cf.kurly.com/hdims/resize/%5E%3E360x%3E468/cropcenter/360x468/quality/85/src/shop/data/goods/1647309164437l0.jpg,https://www.kurly.com/goods/5122472
16,[도제] 가츠산도,돈가스와 식빵의 단순한 조합,정가 없음,"6,500",할인율 없음,샛별배송,"9,999+",https://img-cf.kurly.com/hdims/resize/%5E%3E360x%3E468/cropcenter/360x468/quality/85/src/shop/data/goods/1557464684408l0.jpg,https://www.kurly.com/goods/5036684
16,[99치킨] 두 마리 & 윙봉 콤보 (택1),부담 없이 즐기는 옛날 통닭,정가 없음,"9,900",할인율 없음,샛별배송,"9,999+",https://product-image.kurly.com/hdims/resize/%5E%3E360x%3E468/cropcenter/360x468/quality/85/src/product/image/f035f9b8-a411-4fea-9834-7c2e9d138029.jpg,https://www.kurly.com/goods/1000192107
16,[풀무원] 고소한 유부초밥,고소한 감칠맛이 매력적인,"5,680","4,540",20%,샛별배송,"9,999+",https://product-image.kurly.com/hdims/resize/%5E%3E360x%3E468/cropcenter/360x468/quality/85/src/product/image/88ebc81c-434f-4f26-8f95-2b373c08c7d0.jpeg,https://www.kurly.com/goods/5069131
16,[풀무원] 육즙 듬뿍만두 (렌지용),풀무원 만두를 한 입에,정가 없음,"4,000",할인율 없음,샛별배송,"9,999+",https://product-image.kurly.com/hdims/resize/%5E%3E360x%3E468/cropcenter/360x468/quality/85/src/product/image/27704c8f-5105-44d8-bed2-d438a84205d4.jpg,https://www.kurly.com/goods/1000896553
16,[하코야] 인기 밀키트 6종 골라담기 (택1),최대 25% 특가로 즐기는 하코야 인기 상품,"8,200","6,970",15%,샛별배송,"9,999+",https://product-image.kurly.com/hdims/resize/%5E%3E360x%3E468/cropcenter/360x468/quality/85/src/product/image/ed1d6d10-5609-4dd7-8c4e-2b13526c15c2.jpeg,https://www.kurly.com/goods/1001345875
17,[SEMIWON] 왕하가우,집에서 즐기는 정통 광동식 딤섬,정가 없음,"6,880",할인율 없음,샛별배송,"9,999+",https://img-cf.kurly.com/hdims/resize/%5E%3E360x%3E468/cropcenter/360x468/quality/85/src/shop/data/goods/1500540457194l0.jpg,https://www.kurly.com/goods/5007148
17,[고온어다이어트] 시즌3 도시락 4종,맛과 식감을 모두 고려한 메뉴 구성,정가 없음,"5,200",할인율 없음,샛별배송,"9,999+","data:image/gif;base64,R0lGODlhAQABAIAAAAAAAP///yH5BAEAAAAALAAAAAABAAEAAAIBRAA7",https://www.kurly.com/goods/5104100
17,[도제] 타마고산도,빵 속에 도톰한 달걀말이,정가 없음,"5,900",할인율 없음,샛별배송,"9,999+",https://img-cf.kurly.com/hdims/resize/%5E%3E360x%3E468/cropcenter/360x468/quality/85/src/shop/data/goods/1557464509392l0.jpg,https://www.kurly.com/goods/5036683
